{
    "meta": {
        "source_width": 608.6000000000001,
        "source_height": 226.36007008800004,
        "target_width": 608.6000000000001,
        "target_height": 226.36007008800004,
        "keep_blocks": [],
        "delete_blocks": [],
        "door_opening": "left",
        "door_text": {
            "enabled": false,
            "text": "",
            "x": 208.81000000000012,
            "y": 131.820035044,
            "height": 30.0,
            "width_factor": 120.0,
            "rotation": 180.0,
            "font": "Candara",
            "handle": null
        }
    },
    "groups": []
}